source,depth,kv,ngl,batch,ubatch,flash_attn,pp_tps,tg_tps,ttft_ms,vram_peak_mb
grid,8192,q8_0,99,1024,256,1,853.462078,19.192387,,15281
grid,8192,q4_0,99,1024,512,1,857.776326,19.265933,,15407
grid,8192,f16,99,1024,1024,1,814.852722,19.426597,,16279
grid,8192,f16,99,2048,256,1,864.502441,19.42575,,15497
grid,8192,q4_0,99,2048,256,1,885.012103,19.11667,,15107
grid,8192,q8_0,99,2048,256,1,839.243142,19.133664,,15243
grid,8192,q4_0,99,2048,512,1,892.832474,19.256377,,15369
grid,8192,f16,99,2048,1024,1,910.491485,19.39929,,16251
grid,8192,q4_0,99,4096,256,1,885.928628,18.936377,,15097
grid,8192,f16,99,4096,512,1,905.942449,19.195764,,15749
grid,8192,q4_0,99,4096,512,1,898.336518,18.924124,,15359
grid,8192,f16,99,4096,1024,1,911.244301,19.039301,,16248
validation(median),8192,f16,99,1024,256,1,893.231863,19.05782,9013.0,15506
validation(median),8192,f16,99,2048,256,1,895.239489,19.174597,8869.0,15514
